Compromised Role,Avg K Before,Avg K After,Avg Efficiency
Engineering Architect,14.01,0.49,0.9550899429517851
Engineering Developer,12.666666666666666,0.0,1.0
Engineering Planner,18.5,0.8333333333333334,0.9605851750588593
Engineering QA,17.0,0.0,1.0
Executive Communications,10.415384615384616,0.0,1.0
Executive Finance,12.0,1.0,0.9111111111111111
Executive Governance,10.285714285714286,0.0,1.0
Executive Strategy,8.333333333333334,0.0,1.0
